DROP TABLE MEMBER CASCADE CONSTRAINTS;
CREATE TABLE MEMBER(
  MEMBER_ID VARCHAR2(15) PRIMARY KEY,
  MEMBER_PWD VARCHAR2(20)NOT NULL,
  MEMBER_NAME VARCHAR2(50) NOT NULL,
  MEMBER_NO VARCHAR2(13) NOT NULL
  CONSTRAINT MEMBER_NO_UK UNIQUE,
  MEMBER_NIK VARCHAR2(20) NOT NULL
  CONSTRAINT MEMBER_NIK_UK UNIQUE,
  MEMBER_ADDRESS VARCHAR2(255) NOT NULL,
  MEMBER_EMAIL VARCHAR2(255) NOT NULL
  CONSTRAINT MEMBER_EMAIL_UK UNIQUE,
  MEMBER_PHONE VARCHAR2(30) NOT NULL
  CONSTRAINT MEMBER_PHONE_UK UNIQUE,
  SIGNUP_DATE DATE DEFAULT SYSDATE NOT NULL,
  CONNECTION CHAR(1) CHECK(CONNECTION IN('Y','N')) NOT NULL,
  TALENT VARCHAR2(255),
  manager_chatting      CHAR(1)  DEFAULT 'Y' CONSTRAINT NN_CHAT NOT NULL,
  manager_login     CHAR(1) DEFAULT 'Y' CONSTRAINT NN_LOGIN NOT NULL,
  CONSTRAINT CK_CHAT_LOGIN CHECK(manager_chatting IN ('N','Y')), CHECK(manager_login IN ('N','Y'))
);
COMMENT ON COLUMN MEMBER.MEMBER_ID IS '아이디';
COMMENT ON COLUMN MEMBER.MEMBER_PWD IS '비밀번호';
COMMENT ON COLUMN MEMBER.MEMBER_NAME IS '이름';
COMMENT ON COLUMN MEMBER.MEMBER_NO IS '주민번호';
COMMENT ON COLUMN MEMBER.MEMBER_NIK IS '닉네임';
COMMENT ON COLUMN MEMBER.MEMBER_ADDRESS IS '주소';
COMMENT ON COLUMN MEMBER.MEMBER_EMAIL IS '이메일';
COMMENT ON COLUMN MEMBER.MEMBER_PHONE IS '전화번호';
COMMENT ON COLUMN MEMBER.SIGNUP_DATE IS '가입일';
COMMENT ON COLUMN MEMBER.CONNECTION IS '접속여부';
COMMENT ON COLUMN MEMBER.TALENT IS '재능';
COMMENT ON COLUMN MEMBER.manager_chatting IS '채팅가능여부';
COMMENT ON COLUMN MEMBER.manager_login IS '로그인가능여부';

--------------------- 샘플 데이터 -------------------------------
INSERT INTO MEMBER VALUES (
  'user11', 'pass11', '유저1', '9001011122334', '유저_1', 
  '서울시 강남구 역삼동', 'user11@iei.org', '01012345678',
  DEFAULT, 'N', '프로그래밍', DEFAULT, DEFAULT
);
INSERT INTO MEMBER VALUES (
  'user22', 'pass22', '유저2', '9101011122334', '유저_2', 
  '서울시 강남구 역삼동', 'user22@iei.org', '01012345679',
  DEFAULT, 'N', '컨설팅', DEFAULT, DEFAULT
);
INSERT INTO MEMBER VALUES (
  'user33', 'pass33', '유저3', '9301011122334', '유저_3', 
  '서울시 강남구 역삼동', 'user33@iei.org', '01012345688',
  DEFAULT, 'N', '디자인,프로그래밍', DEFAULT, DEFAULT
);
INSERT INTO MEMBER VALUES (
  'user44', 'pass44', '유저4', '9401011122334', '유저_4', 
  '서울시 강남구 역삼동', 'user44@iei.org', '01022345678',
  DEFAULT, 'N', '통역,번역', DEFAULT, DEFAULT
);
INSERT INTO MEMBER VALUES (
  'user55', 'pass55', '유저5', '9501011122334', '유저_5', 
  '서울시 강남구 역삼동', 'user55@iei.org', '01012348678',
  DEFAULT, 'N', '프로그래밍', DEFAULT, DEFAULT
);
INSERT INTO MEMBER VALUES (
  'user66', 'pass66', '유저6', '9601011122334', '유저_6', 
  '서울시 강남구 역삼동', 'user66@iei.org', '01012645678',
  DEFAULT, 'N', '프로그래밍', DEFAULT, DEFAULT
);
INSERT INTO MEMBER VALUES (
  'user77', 'pass77', '유저7', '9701011122334', '유저_7', 
  '서울시 강남구 역삼동', 'user77@iei.org', '01012345778',
  DEFAULT, 'N', '프로그래밍', DEFAULT, DEFAULT
);
INSERT INTO MEMBER VALUES (
  'user88', 'pass88', '유저8', '8801011122334', '유저_8', 
  '서울시 강남구 역삼동', 'user88@iei.org', '01088345778',
  DEFAULT, 'N', '프로그래밍', DEFAULT, DEFAULT
);
INSERT INTO MEMBER VALUES (
  'user99', 'pass99', '유저99', '8901011122334', '유저_9', 
  '서울시 강남구 역삼동', 'user99@iei.org', '01012995778',
  DEFAULT, 'N', '프로그래밍', DEFAULT, DEFAULT
);
INSERT INTO MEMBER VALUES (
  'user10', 'pass10', '유저10', '8401011122334', '유저_10', 
  '서울시 강남구 역삼동', 'user10@iei.org', '01011045778',
  DEFAULT, 'N', '프로그래밍', DEFAULT, DEFAULT
);
INSERT INTO MEMBER VALUES (
  'admin', 'admin', '관리자', '1111111111111', '관리자', 
  '서울시 강남구 역삼동', 'admin@iei.org', '01011111111',
  DEFAULT, 'N', '관리자', DEFAULT, DEFAULT
);






DROP TABLE board CASCADE CONSTRAINTS;
create table board (
board_no number PRIMARY KEY,
board_name varchar2(30)
);
COMMENT ON COLUMN board.board_no IS '게시판 종류 번호';
COMMENT ON COLUMN board.board_name IS '게시판 종류 이름';

--------------------- 샘플 데이터 -------------------------------
insert into board values(1,'재능기부');
insert into board values(2,'자유게시판');
insert into board values(3,'QnA');






DROP TABLE CHAT CASCADE CONSTRAINTS;
CREATE TABLE CHAT (
  SENDER VARCHAR2(15) UNIQUE,
  RECIVER VARCHAR2(15) UNIQUE
);






DROP TABLE SUGGEST CASCADE CONSTRAINTS;
CREATE TABLE SUGGEST(
SUGGEST_NO NUMBER,
SUGGEST_TITLE VARCHAR2(50) NOT NULL,
SUGGEST_REQUEST_PREOID VARCHAR(20),
SUGGEST_CONTENT LONG,
SUGGEST_DATE DATE DEFAULT SYSDATE,
SUGGEST_ORIGINAL_FILENAME VARCHAR2(100),
SUGGEST_RENAME_FILENAME VARCHAR2(100),
SUGGEST_WRITER VARCHAR2(15) NOT NULL,
SUGGEST_RECIVE VARCHAR2(15),
CONSTRAINT PK_SUGGESTNO PRIMARY KEY (SUGGEST_NO),
CONSTRAINT FK_SUGGESTWR FOREIGN KEY (SUGGEST_WRITER) REFERENCES MEMBER (MEMBER_ID) ON DELETE CASCADE ON UPDATE CASCADE,
CONSTRAINT FK_SUGGESTRE FOREIGN KEY (SUGGEST_RECIVE) REFERENCES MEMBER (MEMBER_ID) ON DELETE CASCADE ON UPDATE CASCADE
);
COMMENT ON COLUMN SUGGEST.SUGGEST_NO IS '요구사항 번호';
COMMENT ON COLUMN SUGGEST.SUGGEST_TITLE IS '요구사항 제목';
COMMENT ON COLUMN SUGGEST.SUGGEST_REQUEST_PREOID IS '요구 기간';
COMMENT ON COLUMN SUGGEST.SUGGEST_CONTENT IS '요구사항 내용';
COMMENT ON COLUMN SUGGEST.SUGGEST_DATE IS '요구사항 작성일자';
COMMENT ON COLUMN SUGGEST.SUGGEST_ORIGINAL_FILENAME IS '요구사항 원래 첨부파일명';
COMMENT ON COLUMN SUGGEST.SUGGEST_RENAME_FILENAME IS '요구사항 바뀐 첨부파일명';
COMMENT ON COLUMN SUGGEST.SUGGEST_WRITER IS '요구사항 보내는 유저';
COMMENT ON COLUMN SUGGEST.SUGGEST_RECIVE IS '요구사항 받는 유저';

--------------------- 샘플 데이터 -------------------------------
insert into suggest values(
  1, '요구사항제목', '10일', '요구사항내용', default, null, null, 'user33', 'user22'
);





DROP TABLE DONATE CASCADE CONSTRAINTS;
CREATE TABLE DONATE(
  DONATION_NO VARCHAR2(13) PRIMARY KEY,
  MEMBER_ID VARCHAR2(15) NOT NULL,
  DONATION NUMBER NOT NULL,
  DONATION_DATE DATE DEFAULT SYSDATE NOT NULL
);
ALTER TABLE DONATE
ADD CONSTRAINT FK_MEMBER_ID FOREIGN KEY(MEMBER_ID)
REFERENCES MEMBER(MEMBER_ID) ON DELETE CASCADE ON UPDATE CASCADE;
COMMENT ON COLUMN DONATE.DONATION_NO IS '기부 번호';
COMMENT ON COLUMN DONATE.MEMBER_ID IS '아이디';
COMMENT ON COLUMN DONATE.DONATION IS '기부금';
COMMENT ON COLUMN DONATE.DONATION_DATE IS '기부일자';

--------------------- 샘플 데이터 -------------------------------
insert into donate values(1,'user11',10000,default);
insert into donate values(2,'user22',10000,default);
insert into donate values(3,'user22',10000,default);
insert into donate values(4,'user44',10000,default);
insert into donate values(5,'user33',10000,default);
insert into donate values(6,'user55',10000,default);
insert into donate values(7,'user11',10000,default);
insert into donate values(8,'user77',10000,default);
insert into donate values(9,'user22',10000,default);
insert into donate values(10,'user11',10000,default);
insert into donate values(11,'user22',10000,default);
insert into donate values(12,'user22',10000,default);
insert into donate values(13,'user44',10000,default);
insert into donate values(14,'user55',10000,default);
insert into donate values(15,'user44',10000,default);
insert into donate values(16,'user33',10000,default);
insert into donate values(17,'user77',10000,default);
insert into donate values(18,'user99',10000,default);
insert into donate values(19,'user55',10000,default);
insert into donate values(20,'user22',10000,default);
insert into donate values(21,'user11',10000,default);
insert into donate values(22,'user11',10000,default);
insert into donate values(23,'user22',10000,default);
insert into donate values(24,'user66',10000,default);
insert into donate values(25,'user33',10000,default);
insert into donate values(26,'user33',10000,default);
insert into donate values(27,'user22',10000,default);
insert into donate values(28,'user77',10000,default);






DROP TABLE CATEGORY_GROUP CASCADE CONSTRAINTS;
CREATE TABLE CATEGORY_GROUP(
    GROUP_NO NUMBER NOT NULL CONSTRAINT PK_NO PRIMARY KEY,
    GROUP_NAME VARCHAR2(50)
);

--------------------- 샘플 데이터 -------------------------------
INSERT INTO CATEGORY_GROUP VALUES(1, 'IT');
INSERT INTO CATEGORY_GROUP VALUES(2, '디자인');
INSERT INTO CATEGORY_GROUP VALUES(3, '마케팅');
INSERT INTO CATEGORY_GROUP VALUES(4, '음악');
INSERT INTO CATEGORY_GROUP VALUES(5, '노하우/상담');
INSERT INTO CATEGORY_GROUP VALUES(6, '번역');
INSERT INTO CATEGORY_GROUP VALUES(7, '건강');
INSERT INTO CATEGORY_GROUP VALUES(8, '기타');






DROP TABLE CATEGORY_BOARD CASCADE CONSTRAINTS;
CREATE TABLE CATEGORY_BOARD(
    CATEGORY_NO NUMBER CONSTRAINT PK_CATEGORY PRIMARY KEY,
    USER_ID VARCHAR2(15) NOT NULL,
    CATEGORY_GROUP NUMBER NOT NULL,
    CATEGORY_TITLE VARCHAR2(50) NOT NULL,
    CATEGORY_WRITER VARCHAR2(15) NOT NULL,
    CATEGORY_CONTENT VARCHAR2(2000) NOT NULL,
    CATEGORY_DATE DATE DEFAULT SYSDATE,
    CATEGORY_READCOUNT NUMBER DEFAULT 0,
    CATEGORY_DONATION NUMBER DEFAULT 0,
    WORK_DATE NUMBER DEFAULT 0,
    CATEGORY_LEVEL NUMBER,
    CATEGORY_REF NUMBER,
    CATEGORY_REPLY_REF NUMBER,
    CATEGORY_REPLY_SEQ NUMBER,
    PHONE CHAR(11),
    EMAIL VARCHAR2(30),
    ORIGINAL_IMAGE VARCHAR2(100),
    RENAME_IMAGE VARCHAR2(1000),
    ADD_IMAGE1 VARCHAR2(100),
    ADD_RENAME_IMAGE1 VARCHAR2(1000),
    ADD_IMAGE2 VARCHAR2(100),
    ADD_RENAME_IMAGE2 VARCHAR2(1000),
    ADD_IMAGE3 VARCHAR2(100),
    ADD_RENAME_IMAGE3 VARCHAR2(1000),
    ADD_IMAGE4 VARCHAR2(100),
    ADD_RENAME_IMAGE4 VARCHAR2(1000),
    VERDICT NUMBER DEFAULT 0,
    PURCHASE_COUNT NUMBER DEFAULT 0,
    SPECIAL CHAR(1) DEFAULT 'N',
    APPROVAL CHAR(1) DEFAULT 'N',
    BOARD_NO NUMBER default 1
);
ALTER TABLE category_board ADD FOREIGN KEY(board_no) references board(board_no);
ALTER TABLE CATEGORY_BOARD ADD CONSTRAINT FK_CATEGORYGROUP FOREIGN KEY (CATEGORY_GROUP) REFERENCES CATEGORY_GROUP(GROUP_NO) ON DELETE CASCADE ON UPDATE CASCADE;
ALTER TABLE CATEGORY_BOARD ADD CONSTRAINT FK_USERID FOREIGN KEY (USER_ID) REFERENCES MEMBER(member_id) ON DELETE CASCADE ON UPDATE CASCADE;
COMMENT ON COLUMN CATEGORY_BOARD.CATEGORY_NO IS '카테고리게시글번호';
COMMENT ON COLUMN CATEGORY_BOARD.USER_ID IS '아이디';
COMMENT ON COLUMN CATEGORY_BOARD.CATEGORY_GROUP IS '카테고리분류';
COMMENT ON COLUMN CATEGORY_BOARD.CATEGORY_TITLE IS '카테고리게시글이름';
COMMENT ON COLUMN CATEGORY_BOARD.CATEGORY_DATE IS '작성일자';
COMMENT ON COLUMN CATEGORY_BOARD.CATEGORY_DONATION IS '기부금';
COMMENT ON COLUMN CATEGORY_BOARD.WORK_DATE IS '작업일';
COMMENT ON COLUMN CATEGORY_BOARD.ORIGINAL_IMAGE IS '메인이미지';
COMMENT ON COLUMN CATEGORY_BOARD.ORIGINAL_IMAGE IS '이름바뀐이미지';
COMMENT ON COLUMN CATEGORY_BOARD.CATEGORY_CONTENT IS '상세내용';
COMMENT ON COLUMN CATEGORY_BOARD.PHONE IS '전화번호';
COMMENT ON COLUMN CATEGORY_BOARD.EMAIL IS '이메일';
COMMENT ON COLUMN CATEGORY_BOARD.CATEGORY_READCOUNT IS '조회수';

--------------------- 샘플 데이터 -------------------------------
INSERT INTO CATEGORY_BOARD VALUES(1, 'user11', 1, 'IT 재능', 'user11', 
    'IT 재능 기부함', DEFAULT, DEFAULT, 10000, 1, 1, 0, 0, 0, 01012345678, 'user11@naver.com',
    NULL, NULL, NULL, NULL, NULL, NULL, NULL, NULL, NULL, NULL, DEFAULT, DEFAULT, DEFAULT, DEFAULT, DEFAULT);    
INSERT INTO CATEGORY_BOARD VALUES(2, 'user22', 2, '번역 재능', 'user22', 
    '번역 재능 기부함', DEFAULT, DEFAULT, 500000, 3, 1, 0, 0, 0, 01023456789, 'user22@daum.com',
    NULL, NULL, NULL, NULL, NULL, NULL, NULL, NULL, NULL, NULL, DEFAULT, DEFAULT, DEFAULT, DEFAULT, DEFAULT);    
INSERT INTO CATEGORY_BOARD VALUES(3, 'user33', 3, '건강 재능', 'user33', 
    '건강 재능 기부함', DEFAULT, DEFAULT, 7000, 2, 1, 0, 0, 0, 01034567890, 'user33@naver.com',
    NULL, NULL, NULL, NULL, NULL, NULL, NULL, NULL, NULL, NULL, DEFAULT, DEFAULT, DEFAULT, DEFAULT, DEFAULT);
INSERT INTO CATEGORY_BOARD VALUES(4, 'user44', 4, '디자인 재능', 'user44', 
    '디자인 재능 기부함', DEFAULT, DEFAULT, 40000, 4, 1, 0, 0, 0, 01045678901, 'user44@hotmail.com',
    NULL, NULL, NULL, NULL, NULL, NULL, NULL, NULL, NULL, NULL, DEFAULT, DEFAULT, DEFAULT, DEFAULT, DEFAULT);
INSERT INTO CATEGORY_BOARD VALUES(5, 'user55', 5, '마케팅 재능', 'user55', 
    '마케팅 재능 기부함', DEFAULT, DEFAULT, 20000, 6, 1, 0, 0, 0, 01056789012, 'user55@naver.com',
    NULL, NULL, NULL, NULL, NULL, NULL, NULL, NULL, NULL, NULL, DEFAULT, DEFAULT, DEFAULT, DEFAULT, DEFAULT);
INSERT INTO CATEGORY_BOARD VALUES(6, 'user66', 6, '음악 재능', 'user66', 
    '음악 재능 기부함', DEFAULT, DEFAULT, 610000, 6, 1, 0, 0, 0, 01067890123, 'user66@naver.com',
    NULL, NULL, NULL, NULL, NULL, NULL, NULL, NULL, NULL, NULL, DEFAULT, DEFAULT, DEFAULT, DEFAULT, DEFAULT);
INSERT INTO CATEGORY_BOARD VALUES(7, 'user77', 7, '노하우/상담 재능', 'user77', 
    '노하우/상담 재능 기부함', DEFAULT, DEFAULT, 70000, 1, 1, 0, 0, 0, 01089012345, 'user77@naver.com',
    NULL, NULL, NULL, NULL, NULL, NULL, NULL, NULL, NULL, NULL, DEFAULT, DEFAULT, DEFAULT, DEFAULT, DEFAULT);
INSERT INTO CATEGORY_BOARD VALUES(8, 'user88', 8, '번역 재능', 'user88', 
    '번역 재능 기부함', DEFAULT, DEFAULT, 80000, 8, 1, 0, 0, 0, 01078901234, 'user88@naver.com',
    NULL, NULL, NULL, NULL, NULL, NULL, NULL, NULL, NULL, NULL, DEFAULT, DEFAULT, DEFAULT, DEFAULT, DEFAULT);
INSERT INTO CATEGORY_BOARD VALUES(9, 'user99', 8, '번역 재능', 'user88', 
    '번역 재능 기부함', DEFAULT, DEFAULT, 80000, 8, 1, 0, 0, 0, 01078901234, 'user88@naver.com',
    NULL, NULL, NULL, NULL, NULL, NULL, NULL, NULL, NULL, NULL, DEFAULT, DEFAULT, DEFAULT, DEFAULT, DEFAULT);
INSERT INTO CATEGORY_BOARD VALUES(10, 'user66', 6, '음악 재능', 'user66', 
    '음악 재능 기부함', DEFAULT, DEFAULT, 610000, 6, 1, 0, 0, 0, 01067890123, 'user66@naver.com',
    NULL, NULL, NULL, NULL, NULL, NULL, NULL, NULL, NULL, NULL, DEFAULT, DEFAULT, DEFAULT, DEFAULT, DEFAULT);
INSERT INTO CATEGORY_BOARD VALUES(11, 'user77', 7, '노하우/상담 재능', 'user77', 
    '노하우/상담 재능 기부함', DEFAULT, DEFAULT, 70000, 1, 1, 0, 0, 0, 01089012345, 'user77@naver.com',
    NULL, NULL, NULL, NULL, NULL, NULL, NULL, NULL, NULL, NULL, DEFAULT, DEFAULT, DEFAULT, DEFAULT, DEFAULT);
INSERT INTO CATEGORY_BOARD VALUES(12, 'user88', 8, '번역 재능', 'user88', 
    '번역 재능 기부함', DEFAULT, DEFAULT, 80000, 8, 1, 0, 0, 0, 01078901234, 'user88@naver.com',
    NULL, NULL, NULL, NULL, NULL, NULL, NULL, NULL, NULL, NULL, DEFAULT, DEFAULT, DEFAULT, DEFAULT, DEFAULT);
INSERT INTO CATEGORY_BOARD VALUES(13, 'user99', 8, '번역 재능', 'user88', 
    '번역 재능 기부함', DEFAULT, DEFAULT, 80000, 8, 1, 0, 0, 0, 01078901234, 'user88@naver.com',
    NULL, NULL, NULL, NULL, NULL, NULL, NULL, NULL, NULL, NULL, DEFAULT, DEFAULT, DEFAULT, DEFAULT, DEFAULT);
INSERT INTO CATEGORY_BOARD VALUES(14, 'user66', 6, '음악 재능', 'user66', 
    '음악 재능 기부함', DEFAULT, DEFAULT, 610000, 6, 1, 0, 0, 0, 01067890123, 'user66@naver.com',
    NULL, NULL, NULL, NULL, NULL, NULL, NULL, NULL, NULL, NULL, DEFAULT, DEFAULT, DEFAULT, DEFAULT, DEFAULT);
INSERT INTO CATEGORY_BOARD VALUES(15, 'user77', 7, '노하우/상담 재능', 'user77', 
    '노하우/상담 재능 기부함', DEFAULT, DEFAULT, 70000, 1, 1, 0, 0, 0, 01089012345, 'user77@naver.com',
    NULL, NULL, NULL, NULL, NULL, NULL, NULL, NULL, NULL, NULL, DEFAULT, DEFAULT, DEFAULT, DEFAULT, DEFAULT);
INSERT INTO CATEGORY_BOARD VALUES(16, 'user88', 8, '번역 재능', 'user88', 
    '번역 재능 기부함', DEFAULT, DEFAULT, 80000, 8, 1, 0, 0, 0, 01078901234, 'user88@naver.com',
    NULL, NULL, NULL, NULL, NULL, NULL, NULL, NULL, NULL, NULL, DEFAULT, DEFAULT, DEFAULT, DEFAULT, DEFAULT);
INSERT INTO CATEGORY_BOARD VALUES(17, 'user99', 8, '번역 재능', 'user88', 
    '번역 재능 기부함', DEFAULT, DEFAULT, 80000, 8, 1, 0, 0, 0, 01078901234, 'user88@naver.com',
    NULL, NULL, NULL, NULL, NULL, NULL, NULL, NULL, NULL, NULL, DEFAULT, DEFAULT, DEFAULT, DEFAULT, DEFAULT);






drop table category_used cascade constraints;
CREATE TABLE CATEGORY_USED(
USE_NO NUMBER PRIMARY KEY,
USE_ID VARCHAR2(15) NOT NULL,
CATEGORY_NO NUMBER NOT NULL,
USED_DATE DATE DEFAULT SYSDATE NOT NULL
);
ALTER TABLE CATEGORY_USED
ADD CONSTRAINT FK_CATEGORY_USED_ID FOREIGN KEY(USE_ID)
REFERENCES MEMBER(MEMBER_ID) ON DELETE CASCADE ON UPDATE CASCADE;
ALTER TABLE CATEGORY_USED
ADD CONSTRAINT FK_CATEGORY_NO FOREIGN KEY(CATEGORY_NO)
REFERENCES CATEGORY_BOARD(CATEGORY_NO) ON DELETE CASCADE ON UPDATE CASCADE;
COMMENT ON COLUMN CATEGORY_USED.USE_NO IS '신청번호';
COMMENT ON COLUMN CATEGORY_USED.USE_ID IS '사용자아이디';
COMMENT ON COLUMN CATEGORY_USED.CATEGORY_NO IS '카테고리번호';
COMMENT ON COLUMN CATEGORY_USED.USED_DATE IS '신청일자';
---------------------------------------------------------------
insert into CATEGORY_USED values(1, 'user11', 1, default);






DROP TABLE NOTICE CASCADE CONSTRAINTS;
CREATE TABLE NOTICE(
  NOTICE_NO NUMBER,
  NOTICE_TITLE VARCHAR2(50) NOT NULL,
  NOTICE_WRITER VARCHAR2(15) NOT NULL,
  NOTICE_CONTENT LONG, 
  NOTICE_DATE DATE DEFAULT SYSDATE,
  ORIGINAL_FILENAME VARCHAR2(100),
  RENAME_FILENAME VARCHAR2(100),
  READ_COUNT NUMBER DEFAULT 0,
  CONSTRAINT PK_NOTICENO PRIMARY KEY(NOTICE_NO),
  CONSTRAINT FK_NOTICEWR FOREIGN KEY(NOTICE_WRITER) REFERENCES MEMBER(MEMBER_ID) ON DELETE CASCADE ON UPDATE CASCADE
);
COMMENT ON COLUMN NOTICE.NOTICE_NO IS '공지글번호';
COMMENT ON COLUMN NOTICE.NOTICE_TITLE IS '공지글제목';
COMMENT ON COLUMN NOTICE.NOTICE_WRITER IS '공지글작성자아이디';
COMMENT ON COLUMN NOTICE.NOTICE_CONTENT IS '공지글내용';
COMMENT ON COLUMN NOTICE.NOTICE_DATE IS '공지글올린날짜';
COMMENT ON COLUMN NOTICE.ORIGINAL_FILENAME IS '원래첨부파일명';
COMMENT ON COLUMN NOTICE.RENAME_FILENAME IS '바뀐첨부파일명';
COMMENT ON COLUMN NOTICE.READ_COUNT IS '조회수';

--------------------- 샘플 데이터 -------------------------------
INSERT INTO NOTICE VALUES(1, '다재다능 공지글1', 'admin', '다재다능 서비스가 개시되었습니다. 많이 이용해주세요.' ,DEFAULT, NULL, NULL, DEFAULT );
INSERT INTO NOTICE VALUES(2, '다재다능 공지글2', 'admin', '다재다능 서비스가 개시되었습니다. 많이 이용해주세요.' ,DEFAULT, NULL, NULL, DEFAULT );
INSERT INTO NOTICE VALUES(3, '다재다능 공지글3', 'admin', '다재다능 서비스가 개시되었습니다. 많이 이용해주세요.' ,DEFAULT, NULL, NULL, DEFAULT );
INSERT INTO NOTICE VALUES(4, '다재다능 공지글4', 'admin', '다재다능 서비스가 개시되었습니다. 많이 이용해주세요.' ,DEFAULT, NULL, NULL, DEFAULT );
INSERT INTO NOTICE VALUES(5, '다재다능 공지글5', 'admin', '다재다능 서비스가 개시되었습니다. 많이 이용해주세요.' ,DEFAULT, NULL, NULL, DEFAULT );
INSERT INTO NOTICE VALUES(6, '다재다능 공지글6', 'admin', '다재다능 서비스가 개시되었습니다. 많이 이용해주세요.' ,DEFAULT, NULL, NULL, DEFAULT );
INSERT INTO NOTICE VALUES(7, '다재다능 공지글7', 'admin', '다재다능 서비스가 개시되었습니다. 많이 이용해주세요.' ,DEFAULT, NULL, NULL, DEFAULT );
INSERT INTO NOTICE VALUES(8, '다재다능 공지글8', 'admin', '다재다능 서비스가 개시되었습니다. 많이 이용해주세요.' ,DEFAULT, NULL, NULL, DEFAULT );
INSERT INTO NOTICE VALUES(9, '다재다능 공지글9', 'admin', '다재다능 서비스가 개시되었습니다. 많이 이용해주세요.' ,DEFAULT, NULL, NULL, DEFAULT);
INSERT INTO NOTICE VALUES(10, '다재다능 공지글10', 'admin', '다재다능 서비스가 개시되었습니다. 많이 이용해주세요.' ,DEFAULT, NULL, NULL, DEFAULT);
INSERT INTO NOTICE VALUES(11, '다재다능 공지글11', 'admin', '다재다능 서비스가 개시되었습니다. 많이 이용해주세요.' ,DEFAULT, NULL, NULL, DEFAULT);
INSERT INTO NOTICE VALUES(12, '다재다능 공지글12', 'admin', '다재다능 서비스가 개시되었습니다. 많이 이용해주세요.' ,DEFAULT, NULL, NULL, DEFAULT);
INSERT INTO NOTICE VALUES(13, 'search 확인용', 'admin', '다재다능 서비스가 개시되었습니다. 많이 이용해주세요.' ,DEFAULT, NULL, NULL, DEFAULT );
INSERT INTO NOTICE VALUES(14, 'search 확인용', 'admin', '다재다능 서비스가 개시되었습니다. 많이 이용해주세요.' ,DEFAULT, NULL, NULL, DEFAULT );
INSERT INTO NOTICE VALUES(15, 'search 확인용', 'admin', '다재다능 서비스가 개시되었습니다. 많이 이용해주세요.' ,DEFAULT, NULL, NULL, DEFAULT );
INSERT INTO NOTICE VALUES(16, 'search 확인용', 'admin', '다재다능 서비스가 개시되었습니다. 많이 이용해주세요.' ,DEFAULT, NULL, NULL, DEFAULT);
INSERT INTO NOTICE VALUES(17, 'search 확인용', 'admin', '다재다능 서비스가 개시되었습니다. 많이 이용해주세요.' ,DEFAULT, NULL, NULL, DEFAULT);
INSERT INTO NOTICE VALUES(18, 'search 확인용', 'admin', '다재다능 서비스가 개시되었습니다. 많이 이용해주세요.' ,DEFAULT, NULL, NULL, DEFAULT);
INSERT INTO NOTICE VALUES(19, 'search 확인용', 'admin', '다재다능 서비스가 개시되었습니다. 많이 이용해주세요.' ,DEFAULT, NULL, NULL, DEFAULT);
INSERT INTO NOTICE VALUES(20, 'search 확인용', 'admin', '다재다능 서비스가 개시되었습니다. 많이 이용해주세요.' ,DEFAULT, NULL, NULL, DEFAULT);






DROP TABLE question cascade CONSTRAINTS;
create table question(
question_num number,
question_title varchar2(50) NOT NULL,
question_writer varchar2(15) NOT NULL,
question_content varchar2(2000) NOT NULL,
question_original_imagename varchar2(100),
question_rename_imagename varchar2(100),
question_date date DEFAULT SYSDATE,
question_readcount number DEFAULT 0,
question_level number DEFAULT 0,
question_ref number,
question_reply_ref number,
question_reply_seq number DEFAULT 0,
answer CHAR(1) DEFAULT 'N' CONSTRAINT CK_ANSWER CHECK(answer IN('Y','N')),
board_no number default 3,
CONSTRAINT PK_question PRIMARY KEY (question_NUM),
CONSTRAINT FK_question_WR FOREIGN KEY (question_WRITER) REFERENCES MEMBER (MEMBER_ID) ON DELETE SET NULL,
CONSTRAINT FK_question_REF FOREIGN KEY (question_REF) REFERENCES question (question_NUM) ON DELETE CASCADE,
CONSTRAINT FK_question_REPLY_REF FOREIGN KEY (question_REPLY_REF) REFERENCES question (question_NUM) ON DELETE CASCADE
);
COMMENT ON COLUMN question.question_NUM IS '게시글번호';
COMMENT ON COLUMN question.question_WRITER IS '게시글작성자';
COMMENT ON COLUMN question.question_TITLE IS '게시글제목';
COMMENT ON COLUMN question.question_CONTENT IS '게시글내용';
COMMENT ON COLUMN question.question_DATE IS '게시글날짜';
COMMENT ON COLUMN question.question_ORIGINAL_FILENAME IS '원래이미지파일명';
COMMENT ON COLUMN question.question_RENAME_FILENAME IS '바뀐이미지파일명';
COMMENT ON COLUMN question.question_LEVEL IS '댓글레벨';
COMMENT ON COLUMN question.question_REF IS '참조게시글번호';
COMMENT ON COLUMN question.question_REPLY_REF IS '참조댓글';
COMMENT ON COLUMN question.question_REPLY_SEQ IS '댓글시퀀스';
COMMENT ON COLUMN question.question_READCOUNT IS '조회수';
COMMENT ON COLUMN question.answer IS '답변여부';
COMMENT ON COLUMN question.board_no IS '게시판구분번호';

--------------------- 샘플 데이터 -------------------------------
INSERT INTO question VALUES(1,'게시글1','user22','본문 내용입니다',NULL,NULL,SYSDATE,0,0,1,NULL,0,DEFAULT,DEFAULT);
INSERT INTO question VALUES(2,'게시글2','user22','본문 내용입니다',NULL,NULL,SYSDATE,0,0,2,NULL,0,DEFAULT,DEFAULT);
INSERT INTO question VALUES(3,'게시글3','user22','본문 내용입니다',NULL,NULL,SYSDATE,0,0,3,NULL,0,DEFAULT,DEFAULT);
INSERT INTO question VALUES(4,'게시글4','user11','본문 내용입니다',NULL,NULL,SYSDATE,0,0,4,NULL,0,DEFAULT,DEFAULT);
INSERT INTO question VALUES(5,'게시글5','user22','본문 내용입니다',NULL,NULL,SYSDATE,0,0,5,NULL,0,DEFAULT,DEFAULT);
INSERT INTO question VALUES(6,'게시글6','user22','본문 내용입니다',NULL,NULL,SYSDATE,0,0,6,NULL,0,DEFAULT,DEFAULT);
INSERT INTO question VALUES(7,'게시글7','user11','본문 내용입니다',NULL,NULL,SYSDATE,0,0,7,NULL,0,DEFAULT,DEFAULT);
INSERT INTO question VALUES(8,'게시글8','user22','본문 내용입니다',NULL,NULL,SYSDATE,0,0,8,NULL,0,DEFAULT,DEFAULT);
INSERT INTO question VALUES(9,'게시글9','user11','본문 내용입니다',NULL,NULL,SYSDATE,0,0,9,NULL,0,DEFAULT,DEFAULT);
INSERT INTO question VALUES(10,'게시글10','user22','본문 내용입니다',NULL,NULL,SYSDATE,0,0,10,NULL,0,DEFAULT,DEFAULT);
INSERT INTO question VALUES(11,'게시글11','user22','본문 내용입니다',NULL,NULL,SYSDATE,0,0,11,NULL,0,DEFAULT,DEFAULT);
INSERT INTO question VALUES(12,'게시글12','user22','본문 내용입니다',NULL,NULL,SYSDATE,0,0,12,NULL,0,DEFAULT,DEFAULT);
INSERT INTO question VALUES(13,'게시글13','user11','본문 내용입니다',NULL,NULL,SYSDATE,0,0,13,NULL,0,DEFAULT,DEFAULT);
INSERT INTO question VALUES(14,'게시글14','user22','본문 내용입니다',NULL,NULL,SYSDATE,0,0,14,NULL,0,DEFAULT,DEFAULT);
INSERT INTO question VALUES(15,'게시글15','user11','본문 내용입니다',NULL,NULL,SYSDATE,0,0,15,NULL,0,DEFAULT,DEFAULT);
INSERT INTO question VALUES(16,'게시글16','user22','본문 내용입니다',NULL,NULL,SYSDATE,0,0,16,NULL,0,DEFAULT,DEFAULT);
INSERT INTO question VALUES(17,'게시글17','user11','본문 내용입니다',NULL,NULL,SYSDATE,0,0,17,NULL,0,DEFAULT,DEFAULT);
INSERT INTO question VALUES(18,'게시글18','user22','본문 내용입니다',NULL,NULL,SYSDATE,0,0,18,NULL,0,DEFAULT,DEFAULT);
INSERT INTO question VALUES(19,'게시글19','user11','본문 내용입니다',NULL,NULL,SYSDATE,0,0,19,NULL,0,DEFAULT,DEFAULT);
INSERT INTO question VALUES(20,'게시글20','user11','본문 내용입니다',NULL,NULL,SYSDATE,0,0,20,NULL,0,DEFAULT,DEFAULT);
INSERT INTO question VALUES(21,'게시글21','user11','본문 내용입니다',NULL,NULL,SYSDATE,0,0,21,NULL,0,DEFAULT,DEFAULT);
INSERT INTO question VALUES(22,'게시글22','user11','본문 내용입니다',NULL,NULL,SYSDATE,0,0,22,NULL,0,DEFAULT,DEFAULT);
INSERT INTO question VALUES(23,'게시글23','user11','본문 내용입니다',NULL,NULL,SYSDATE,0,0,23,NULL,0,DEFAULT,DEFAULT);






DROP TABLE FREEBOARD CASCADE CONSTRAINTS;
CREATE TABLE FREEBOARD(
  FREEBOARD_NO NUMBER,
  FREEBOARD_TITLE VARCHAR2(50) NOT NULL,
  FREEBOARD_WRITER VARCHAR2(15) NOT NULL,
  FREEBOARD_CONTENT LONG, 
  FREEBOARD_DATE DATE DEFAULT SYSDATE,
  ORIGINAL_IMAGENAME VARCHAR2(100),
  RENAME_IMAGENAME VARCHAR2(100),
  READ_COUNT NUMBER DEFAULT 0,
  BOARDTYPE varchar2(20) default '자유',
  BOARD_NO number default 2,
  CONSTRAINT PK_FREEBOARDNO PRIMARY KEY(FREEBOARD_NO),
  CONSTRAINT FK_FREEBOARDWR FOREIGN KEY(FREEBOARD_WRITER) REFERENCES MEMBER(MEMBER_ID) ON DELETE CASCADE ON UPDATE CASCADE
);
ALTER TABLE freeboard ADD FOREIGN KEY(board_no) references board(board_no);
COMMENT ON COLUMN FREEBOARD.FREEBOARD_NO IS '게시글번호';
COMMENT ON COLUMN FREEBOARD.FREEBOARD_TITLE IS '게시글제목';
COMMENT ON COLUMN FREEBOARD.FREEBOARD_WRITER IS '게시글작성자아이디';
COMMENT ON COLUMN FREEBOARD.FREEBOARD_CONTENT IS '게시글내용';
COMMENT ON COLUMN FREEBOARD.FREEBOARD_DATE IS '게시글올린날짜';
COMMENT ON COLUMN FREEBOARD.ORIGINAL_IMAGENAME IS '원래첨부이미지명';
COMMENT ON COLUMN FREEBOARD.RENAME_IMAGENAME IS '바뀐첨부이미지명';
COMMENT ON COLUMN FREEBOARD.READ_COUNT IS '조회수';
COMMENT ON COLUMN FREEBOARD.BOARDTYPE IS '게시글종류';
COMMENT ON COLUMN FREEBOARD.BOARD_NO IS '게시글구분번호';

--------------------- 샘플 데이터 -------------------------------
INSERT INTO FREEBOARD VALUES(1, '반가워요', 'user22', '안녕하세요. 처음들어왔습니다. 반갑습니다. 너무오고싶었어요.' ,DEFAULT, NULL, NULL, DEFAULT, '후기' , default);
INSERT INTO FREEBOARD VALUES(2, '오늘 점심 뭐 먹지', 'user22', '하.....잠이나 자야겠다' ,DEFAULT, NULL, NULL, DEFAULT, DEFAULT , default);
INSERT INTO FREEBOARD VALUES(3, '게시판 디자인', 'user22', '디자인이 되게 이뻐요!' ,DEFAULT, NULL, NULL, DEFAULT, DEFAULT , default );
INSERT INTO FREEBOARD VALUES(4, '동의?', 'user22', '어 보감' ,DEFAULT, NULL, NULL, DEFAULT, '후기' , default );
INSERT INTO FREEBOARD VALUES(5, '오늘 저녁은 모냐', 'user22', '김치찌개 먹기싫다 사우나 갈란다.' ,DEFAULT, NULL, NULL, DEFAULT, DEFAULT , default );
INSERT INTO FREEBOARD VALUES(6, '가을', 'admin', '다재다능 서비스가 개시되었습니다. 많이 이용해주세요.' ,DEFAULT, NULL, NULL, DEFAULT, DEFAULT  , default);
INSERT INTO FREEBOARD VALUES(7, '다재다능 자유게시판1', 'user22', '다재다능 서비스가 개시되었습니다. 많이 이용해주세요.' ,DEFAULT, NULL, NULL, DEFAULT, '후기' , default );
INSERT INTO FREEBOARD VALUES(8, '다재다능 자유게시판1', 'user22', '다재다능 서비스가 개시되었습니다. 많이 이용해주세요.' ,DEFAULT, NULL, NULL, DEFAULT, DEFAULT , default );
INSERT INTO FREEBOARD VALUES(9, '다재다능 자유게시판1', 'admin', '다재다능 서비스가 개시되었습니다. 많이 이용해주세요.' ,DEFAULT, NULL, NULL, DEFAULT, DEFAULT, default);
INSERT INTO FREEBOARD VALUES(10, '다재다능 자유게시판1', 'user22', '다재다능 서비스가 개시되었습니다. 많이 이용해주세요.' ,DEFAULT, NULL, NULL, DEFAULT, '후기', default );
INSERT INTO FREEBOARD VALUES(11, '다재다능 자유게시판1', 'user22', '다재다능 서비스가 개시되었습니다. 많이 이용해주세요.' ,DEFAULT, NULL, NULL, DEFAULT, DEFAULT, default );
INSERT INTO FREEBOARD VALUES(12, '다재다능 자유게시판1', 'user22', '다재다능 서비스가 개시되었습니다. 많이 이용해주세요.' ,DEFAULT, NULL, NULL, DEFAULT, DEFAULT, default );
INSERT INTO FREEBOARD VALUES(13, 'search 자유게시판1', 'admin', '다재다능 서비스가 개시되었습니다. 많이 이용해주세요.' ,DEFAULT, NULL, NULL, DEFAULT, DEFAULT , default );
INSERT INTO FREEBOARD VALUES(14, 'search 자유게시판1', 'user22', '다재다능 서비스가 개시되었습니다. 많이 이용해주세요.' ,DEFAULT, NULL, NULL, DEFAULT, '후기', default  );
INSERT INTO FREEBOARD VALUES(15, 'search 자유게시판1', 'user22', '다재다능 서비스가 개시되었습니다. 많이 이용해주세요.' ,DEFAULT, NULL, NULL, DEFAULT, DEFAULT , default );
INSERT INTO FREEBOARD VALUES(16, 'search 자유게시판1', 'admin', '다재다능 서비스가 개시되었습니다. 많이 이용해주세요.' ,DEFAULT, NULL, NULL, DEFAULT, DEFAULT , default);
INSERT INTO FREEBOARD VALUES(17, 'search 자유게시판1', 'user22', '다재다능 서비스가 개시되었습니다. 많이 이용해주세요.' ,DEFAULT, NULL, NULL, DEFAULT, '후기', default );
INSERT INTO FREEBOARD VALUES(18, 'search 자유게시판1', 'user22', '다재다능 서비스가 개시되었습니다. 많이 이용해주세요.' ,DEFAULT, NULL, NULL, DEFAULT, '후기', default );
INSERT INTO FREEBOARD VALUES(19, 'search 자유게시판1', 'user22', '다재다능 서비스가 개시되었습니다. 많이 이용해주세요.' ,DEFAULT, NULL, NULL, DEFAULT, '후기', default );
INSERT INTO FREEBOARD VALUES(20, 'search 자유게시판1', 'admin', '다재다능 서비스가 개시되었습니다. 많이 이용해주세요.' ,DEFAULT, NULL, NULL, DEFAULT, DEFAULT , default);






DROP TABLE BOARD_COMMENT CASCADE CONSTRAINTS;
CREATE TABLE BOARD_COMMENT 
(
  COMMENT_NUM NUMBER NOT NULL,
  COMMENT_BOARD_NUM NUMBER NOT NULL,
  COMMENT_ID VARCHAR2(15),
  COMMENT_DATE DATE default sysdate,
  COMMENT_CONTENT VARCHAR2(1000) NOT NULL,
  CONSTRAINT PK_comment PRIMARY KEY(COMMENT_NUM),
  CONSTRAINT FK_comment FOREIGN KEY(COMMENT_BOARD_NUM) REFERENCES FREEBOARD(FREEBOARD_NO)  on delete cascade
);

--------------------- 샘플 데이터 -------------------------------
insert into BOARD_COMMENT values 	(1, 1, 'user11', sysdate, '첫번째댓글입니다.');
insert into BOARD_COMMENT values 	(2, 20, 'user11', sysdate, '두번째댓글입니다.');






DROP TABLE NOTICE_COMMENT CASCADE CONSTRAINTS;
CREATE TABLE NOTICE_COMMENT 
(
  COMMENT_NUM NUMBER NOT NULL,
  COMMENT_NOTICE_NUM NUMBER NOT NULL,
  COMMENT_ID VARCHAR2(15),
  COMMENT_DATE DATE default sysdate,
  COMMENT_CONTENT VARCHAR2(1000) NOT NULL,
  CONSTRAINT PK_NOTICE_comment PRIMARY KEY(COMMENT_NUM),
  CONSTRAINT FK_NOTICE_comment FOREIGN KEY(COMMENT_NOTICE_NUM) REFERENCES NOTICE(NOTICE_NO)  on delete cascade
);

--------------------- 샘플 데이터 -------------------------------
insert into NOTICE_COMMENT values 	(1, 1, 'user11', sysdate, '첫번째댓글입니다.');






commit;